# Notcurses::Native ABI table: struct sizes, field offsets and widths,
# and constant values, as src/notcurses_native_shim.c computes them from
# the pinned notcurses headers. Generated by
# scripts/abi/regenerate-fixture.raku; do not edit by hand.
# notcurses-sha: 28a436d08c1117db2153af734f14e130d5c9c4d7
platform:sizeof-long	8
size:notcurses_options	40
offset:notcurses_options.termtype	0
width:notcurses_options.termtype	8
offset:notcurses_options.loglevel	8
width:notcurses_options.loglevel	4
offset:notcurses_options.margin_t	12
width:notcurses_options.margin_t	4
offset:notcurses_options.margin_r	16
width:notcurses_options.margin_r	4
offset:notcurses_options.margin_b	20
width:notcurses_options.margin_b	4
offset:notcurses_options.margin_l	24
width:notcurses_options.margin_l	4
offset:notcurses_options.flags	32
width:notcurses_options.flags	8
size:ncplane_options	56
offset:ncplane_options.y	0
width:ncplane_options.y	4
offset:ncplane_options.x	4
width:ncplane_options.x	4
offset:ncplane_options.rows	8
width:ncplane_options.rows	4
offset:ncplane_options.cols	12
width:ncplane_options.cols	4
offset:ncplane_options.userptr	16
width:ncplane_options.userptr	8
offset:ncplane_options.name	24
width:ncplane_options.name	8
offset:ncplane_options.resizecb	32
width:ncplane_options.resizecb	8
offset:ncplane_options.flags	40
width:ncplane_options.flags	8
offset:ncplane_options.margin_b	48
width:ncplane_options.margin_b	4
offset:ncplane_options.margin_r	52
width:ncplane_options.margin_r	4
size:nccell	16
offset:nccell.gcluster	0
width:nccell.gcluster	4
offset:nccell.gcluster_backstop	4
width:nccell.gcluster_backstop	1
offset:nccell.width	5
width:nccell.width	1
offset:nccell.stylemask	6
width:nccell.stylemask	2
offset:nccell.channels	8
width:nccell.channels	8
size:ncinput	52
offset:ncinput.id	0
width:ncinput.id	4
offset:ncinput.y	4
width:ncinput.y	4
offset:ncinput.x	8
width:ncinput.x	4
offset:ncinput.utf8[0]	12
width:ncinput.utf8[0]	1
offset:ncinput.utf8[1]	13
width:ncinput.utf8[1]	1
offset:ncinput.utf8[2]	14
width:ncinput.utf8[2]	1
offset:ncinput.utf8[3]	15
width:ncinput.utf8[3]	1
offset:ncinput.utf8[4]	16
width:ncinput.utf8[4]	1
offset:ncinput.alt	17
width:ncinput.alt	1
offset:ncinput.shift	18
width:ncinput.shift	1
offset:ncinput.ctrl	19
width:ncinput.ctrl	1
offset:ncinput.evtype	20
width:ncinput.evtype	4
offset:ncinput.modifiers	24
width:ncinput.modifiers	4
offset:ncinput.ypx	28
width:ncinput.ypx	4
offset:ncinput.xpx	32
width:ncinput.xpx	4
offset:ncinput.eff_text[0]	36
width:ncinput.eff_text[0]	4
offset:ncinput.eff_text[1]	40
width:ncinput.eff_text[1]	4
offset:ncinput.eff_text[2]	44
width:ncinput.eff_text[2]	4
offset:ncinput.eff_text[3]	48
width:ncinput.eff_text[3]	4
size:timespec	16
offset:timespec.tv_sec	0
width:timespec.tv_sec	8
offset:timespec.tv_nsec	8
width-long:timespec.tv_nsec	8
size:nccapabilities	12
offset:nccapabilities.colors	0
width:nccapabilities.colors	4
offset:nccapabilities.utf8	4
width:nccapabilities.utf8	1
offset:nccapabilities.rgb	5
width:nccapabilities.rgb	1
offset:nccapabilities.can_change_colors	6
width:nccapabilities.can_change_colors	1
offset:nccapabilities.halfblocks	7
width:nccapabilities.halfblocks	1
offset:nccapabilities.quadrants	8
width:nccapabilities.quadrants	1
offset:nccapabilities.sextants	9
width:nccapabilities.sextants	1
offset:nccapabilities.octants	10
width:nccapabilities.octants	1
offset:nccapabilities.braille	11
width:nccapabilities.braille	1
size:ncstats	288
offset:ncstats.renders	0
width:ncstats.renders	8
offset:ncstats.writeouts	8
width:ncstats.writeouts	8
offset:ncstats.failed_renders	16
width:ncstats.failed_renders	8
offset:ncstats.failed_writeouts	24
width:ncstats.failed_writeouts	8
offset:ncstats.raster_bytes	32
width:ncstats.raster_bytes	8
offset:ncstats.raster_max_bytes	40
width:ncstats.raster_max_bytes	8
offset:ncstats.raster_min_bytes	48
width:ncstats.raster_min_bytes	8
offset:ncstats.render_ns	56
width:ncstats.render_ns	8
offset:ncstats.render_max_ns	64
width:ncstats.render_max_ns	8
offset:ncstats.render_min_ns	72
width:ncstats.render_min_ns	8
offset:ncstats.raster_ns	80
width:ncstats.raster_ns	8
offset:ncstats.raster_max_ns	88
width:ncstats.raster_max_ns	8
offset:ncstats.raster_min_ns	96
width:ncstats.raster_min_ns	8
offset:ncstats.writeout_ns	104
width:ncstats.writeout_ns	8
offset:ncstats.writeout_max_ns	112
width:ncstats.writeout_max_ns	8
offset:ncstats.writeout_min_ns	120
width:ncstats.writeout_min_ns	8
offset:ncstats.cellelisions	128
width:ncstats.cellelisions	8
offset:ncstats.cellemissions	136
width:ncstats.cellemissions	8
offset:ncstats.fgelisions	144
width:ncstats.fgelisions	8
offset:ncstats.fgemissions	152
width:ncstats.fgemissions	8
offset:ncstats.bgelisions	160
width:ncstats.bgelisions	8
offset:ncstats.bgemissions	168
width:ncstats.bgemissions	8
offset:ncstats.defaultelisions	176
width:ncstats.defaultelisions	8
offset:ncstats.defaultemissions	184
width:ncstats.defaultemissions	8
offset:ncstats.refreshes	192
width:ncstats.refreshes	8
offset:ncstats.sprixelemissions	200
width:ncstats.sprixelemissions	8
offset:ncstats.sprixelelisions	208
width:ncstats.sprixelelisions	8
offset:ncstats.sprixelbytes	216
width:ncstats.sprixelbytes	8
offset:ncstats.appsync_updates	224
width:ncstats.appsync_updates	8
offset:ncstats.input_errors	232
width:ncstats.input_errors	8
offset:ncstats.input_events	240
width:ncstats.input_events	8
offset:ncstats.hpa_gratuitous	248
width:ncstats.hpa_gratuitous	8
offset:ncstats.cell_geo_changes	256
width:ncstats.cell_geo_changes	8
offset:ncstats.pixel_geo_changes	264
width:ncstats.pixel_geo_changes	8
offset:ncstats.fbbytes	272
width:ncstats.fbbytes	8
offset:ncstats.planes	280
width:ncstats.planes	4
size:ncvgeom	68
offset:ncvgeom.pixy	0
width:ncvgeom.pixy	4
offset:ncvgeom.pixx	4
width:ncvgeom.pixx	4
offset:ncvgeom.cdimy	8
width:ncvgeom.cdimy	4
offset:ncvgeom.cdimx	12
width:ncvgeom.cdimx	4
offset:ncvgeom.rpixy	16
width:ncvgeom.rpixy	4
offset:ncvgeom.rpixx	20
width:ncvgeom.rpixx	4
offset:ncvgeom.rcelly	24
width:ncvgeom.rcelly	4
offset:ncvgeom.rcellx	28
width:ncvgeom.rcellx	4
offset:ncvgeom.scaley	32
width:ncvgeom.scaley	4
offset:ncvgeom.scalex	36
width:ncvgeom.scalex	4
offset:ncvgeom.begy	40
width:ncvgeom.begy	4
offset:ncvgeom.begx	44
width:ncvgeom.begx	4
offset:ncvgeom.leny	48
width:ncvgeom.leny	4
offset:ncvgeom.lenx	52
width:ncvgeom.lenx	4
offset:ncvgeom.maxpixely	56
width:ncvgeom.maxpixely	4
offset:ncvgeom.maxpixelx	60
width:ncvgeom.maxpixelx	4
offset:ncvgeom.blitter	64
width:ncvgeom.blitter	4
size:ncvisual_options	64
offset:ncvisual_options.n	0
width:ncvisual_options.n	8
offset:ncvisual_options.scaling	8
width:ncvisual_options.scaling	4
offset:ncvisual_options.y	12
width:ncvisual_options.y	4
offset:ncvisual_options.x	16
width:ncvisual_options.x	4
offset:ncvisual_options.begy	20
width:ncvisual_options.begy	4
offset:ncvisual_options.begx	24
width:ncvisual_options.begx	4
offset:ncvisual_options.leny	28
width:ncvisual_options.leny	4
offset:ncvisual_options.lenx	32
width:ncvisual_options.lenx	4
offset:ncvisual_options.blitter	36
width:ncvisual_options.blitter	4
offset:ncvisual_options.flags	40
width:ncvisual_options.flags	8
offset:ncvisual_options.transcolor	48
width:ncvisual_options.transcolor	4
offset:ncvisual_options.pxoffy	52
width:ncvisual_options.pxoffy	4
offset:ncvisual_options.pxoffx	56
width:ncvisual_options.pxoffx	4
size:ncreel_options	48
offset:ncreel_options.bordermask	0
width:ncreel_options.bordermask	4
offset:ncreel_options.borderchan	8
width:ncreel_options.borderchan	8
offset:ncreel_options.tabletmask	16
width:ncreel_options.tabletmask	4
offset:ncreel_options.tabletchan	24
width:ncreel_options.tabletchan	8
offset:ncreel_options.focusedchan	32
width:ncreel_options.focusedchan	8
offset:ncreel_options.flags	40
width:ncreel_options.flags	8
size:ncselector_item	16
offset:ncselector_item.option	0
width:ncselector_item.option	8
offset:ncselector_item.desc	8
width:ncselector_item.desc	8
size:ncselector_options	88
offset:ncselector_options.title	0
width:ncselector_options.title	8
offset:ncselector_options.secondary	8
width:ncselector_options.secondary	8
offset:ncselector_options.footer	16
width:ncselector_options.footer	8
offset:ncselector_options.items	24
width:ncselector_options.items	8
offset:ncselector_options.defidx	32
width:ncselector_options.defidx	4
offset:ncselector_options.maxdisplay	36
width:ncselector_options.maxdisplay	4
offset:ncselector_options.opchannels	40
width:ncselector_options.opchannels	8
offset:ncselector_options.descchannels	48
width:ncselector_options.descchannels	8
offset:ncselector_options.titlechannels	56
width:ncselector_options.titlechannels	8
offset:ncselector_options.footchannels	64
width:ncselector_options.footchannels	8
offset:ncselector_options.boxchannels	72
width:ncselector_options.boxchannels	8
offset:ncselector_options.flags	80
width:ncselector_options.flags	8
size:ncmselector_item	24
offset:ncmselector_item.option	0
width:ncmselector_item.option	8
offset:ncmselector_item.desc	8
width:ncmselector_item.desc	8
offset:ncmselector_item.selected	16
width:ncmselector_item.selected	1
size:ncmultiselector_options	88
offset:ncmultiselector_options.title	0
width:ncmultiselector_options.title	8
offset:ncmultiselector_options.secondary	8
width:ncmultiselector_options.secondary	8
offset:ncmultiselector_options.footer	16
width:ncmultiselector_options.footer	8
offset:ncmultiselector_options.items	24
width:ncmultiselector_options.items	8
offset:ncmultiselector_options.maxdisplay	32
width:ncmultiselector_options.maxdisplay	4
offset:ncmultiselector_options.opchannels	40
width:ncmultiselector_options.opchannels	8
offset:ncmultiselector_options.descchannels	48
width:ncmultiselector_options.descchannels	8
offset:ncmultiselector_options.titlechannels	56
width:ncmultiselector_options.titlechannels	8
offset:ncmultiselector_options.footchannels	64
width:ncmultiselector_options.footchannels	8
offset:ncmultiselector_options.boxchannels	72
width:ncmultiselector_options.boxchannels	8
offset:ncmultiselector_options.flags	80
width:ncmultiselector_options.flags	8
size:nctree_item	24
offset:nctree_item.curry	0
width:nctree_item.curry	8
offset:nctree_item.subs	8
width:nctree_item.subs	8
offset:nctree_item.subcount	16
width:nctree_item.subcount	4
size:nctree_options	40
offset:nctree_options.items	0
width:nctree_options.items	8
offset:nctree_options.count	8
width:nctree_options.count	4
offset:nctree_options.nctreecb	16
width:nctree_options.nctreecb	8
offset:nctree_options.indentcols	24
width:nctree_options.indentcols	4
offset:nctree_options.flags	32
width:nctree_options.flags	8
size:ncmenu_item	64
offset:ncmenu_item.desc	0
width:ncmenu_item.desc	8
offset:ncmenu_item.shortcut.id	8
width:ncmenu_item.shortcut.id	4
offset:ncmenu_item.shortcut.y	12
width:ncmenu_item.shortcut.y	4
offset:ncmenu_item.shortcut.x	16
width:ncmenu_item.shortcut.x	4
offset:ncmenu_item.shortcut.utf8[0]	20
width:ncmenu_item.shortcut.utf8[0]	1
offset:ncmenu_item.shortcut.utf8[1]	21
width:ncmenu_item.shortcut.utf8[1]	1
offset:ncmenu_item.shortcut.utf8[2]	22
width:ncmenu_item.shortcut.utf8[2]	1
offset:ncmenu_item.shortcut.utf8[3]	23
width:ncmenu_item.shortcut.utf8[3]	1
offset:ncmenu_item.shortcut.utf8[4]	24
width:ncmenu_item.shortcut.utf8[4]	1
offset:ncmenu_item.shortcut.alt	25
width:ncmenu_item.shortcut.alt	1
offset:ncmenu_item.shortcut.shift	26
width:ncmenu_item.shortcut.shift	1
offset:ncmenu_item.shortcut.ctrl	27
width:ncmenu_item.shortcut.ctrl	1
offset:ncmenu_item.shortcut.evtype	28
width:ncmenu_item.shortcut.evtype	4
offset:ncmenu_item.shortcut.modifiers	32
width:ncmenu_item.shortcut.modifiers	4
offset:ncmenu_item.shortcut.ypx	36
width:ncmenu_item.shortcut.ypx	4
offset:ncmenu_item.shortcut.xpx	40
width:ncmenu_item.shortcut.xpx	4
offset:ncmenu_item.shortcut.eff_text[0]	44
width:ncmenu_item.shortcut.eff_text[0]	4
offset:ncmenu_item.shortcut.eff_text[1]	48
width:ncmenu_item.shortcut.eff_text[1]	4
offset:ncmenu_item.shortcut.eff_text[2]	52
width:ncmenu_item.shortcut.eff_text[2]	4
offset:ncmenu_item.shortcut.eff_text[3]	56
width:ncmenu_item.shortcut.eff_text[3]	4
size:ncmenu_section	80
offset:ncmenu_section.name	0
width:ncmenu_section.name	8
offset:ncmenu_section.itemcount	8
width:ncmenu_section.itemcount	4
offset:ncmenu_section.items	16
width:ncmenu_section.items	8
offset:ncmenu_section.shortcut.id	24
width:ncmenu_section.shortcut.id	4
offset:ncmenu_section.shortcut.y	28
width:ncmenu_section.shortcut.y	4
offset:ncmenu_section.shortcut.x	32
width:ncmenu_section.shortcut.x	4
offset:ncmenu_section.shortcut.utf8[0]	36
width:ncmenu_section.shortcut.utf8[0]	1
offset:ncmenu_section.shortcut.utf8[1]	37
width:ncmenu_section.shortcut.utf8[1]	1
offset:ncmenu_section.shortcut.utf8[2]	38
width:ncmenu_section.shortcut.utf8[2]	1
offset:ncmenu_section.shortcut.utf8[3]	39
width:ncmenu_section.shortcut.utf8[3]	1
offset:ncmenu_section.shortcut.utf8[4]	40
width:ncmenu_section.shortcut.utf8[4]	1
offset:ncmenu_section.shortcut.alt	41
width:ncmenu_section.shortcut.alt	1
offset:ncmenu_section.shortcut.shift	42
width:ncmenu_section.shortcut.shift	1
offset:ncmenu_section.shortcut.ctrl	43
width:ncmenu_section.shortcut.ctrl	1
offset:ncmenu_section.shortcut.evtype	44
width:ncmenu_section.shortcut.evtype	4
offset:ncmenu_section.shortcut.modifiers	48
width:ncmenu_section.shortcut.modifiers	4
offset:ncmenu_section.shortcut.ypx	52
width:ncmenu_section.shortcut.ypx	4
offset:ncmenu_section.shortcut.xpx	56
width:ncmenu_section.shortcut.xpx	4
offset:ncmenu_section.shortcut.eff_text[0]	60
width:ncmenu_section.shortcut.eff_text[0]	4
offset:ncmenu_section.shortcut.eff_text[1]	64
width:ncmenu_section.shortcut.eff_text[1]	4
offset:ncmenu_section.shortcut.eff_text[2]	68
width:ncmenu_section.shortcut.eff_text[2]	4
offset:ncmenu_section.shortcut.eff_text[3]	72
width:ncmenu_section.shortcut.eff_text[3]	4
size:ncmenu_options	40
offset:ncmenu_options.sections	0
width:ncmenu_options.sections	8
offset:ncmenu_options.sectioncount	8
width:ncmenu_options.sectioncount	4
offset:ncmenu_options.headerchannels	16
width:ncmenu_options.headerchannels	8
offset:ncmenu_options.sectionchannels	24
width:ncmenu_options.sectionchannels	8
offset:ncmenu_options.flags	32
width:ncmenu_options.flags	8
size:ncprogbar_options	24
offset:ncprogbar_options.ulchannel	0
width:ncprogbar_options.ulchannel	4
offset:ncprogbar_options.urchannel	4
width:ncprogbar_options.urchannel	4
offset:ncprogbar_options.blchannel	8
width:ncprogbar_options.blchannel	4
offset:ncprogbar_options.brchannel	12
width:ncprogbar_options.brchannel	4
offset:ncprogbar_options.flags	16
width:ncprogbar_options.flags	8
size:nctabbed_options	40
offset:nctabbed_options.selchan	0
width:nctabbed_options.selchan	8
offset:nctabbed_options.hdrchan	8
width:nctabbed_options.hdrchan	8
offset:nctabbed_options.sepchan	16
width:nctabbed_options.sepchan	8
offset:nctabbed_options.separator	24
width:nctabbed_options.separator	8
offset:nctabbed_options.flags	32
width:nctabbed_options.flags	8
size:ncplot_options	48
offset:ncplot_options.maxchannels	0
width:ncplot_options.maxchannels	8
offset:ncplot_options.minchannels	8
width:ncplot_options.minchannels	8
offset:ncplot_options.legendstyle	16
width:ncplot_options.legendstyle	2
offset:ncplot_options.gridtype	20
width:ncplot_options.gridtype	4
offset:ncplot_options.rangex	24
width:ncplot_options.rangex	4
offset:ncplot_options.title	32
width:ncplot_options.title	8
offset:ncplot_options.flags	40
width:ncplot_options.flags	8
size:ncfdplane_options	24
offset:ncfdplane_options.curry	0
width:ncfdplane_options.curry	8
offset:ncfdplane_options.follow	8
width:ncfdplane_options.follow	1
offset:ncfdplane_options.flags	16
width:ncfdplane_options.flags	8
size:ncsubproc_options	24
offset:ncsubproc_options.curry	0
width:ncsubproc_options.curry	8
offset:ncsubproc_options.restart_period	8
width:ncsubproc_options.restart_period	8
offset:ncsubproc_options.flags	16
width:ncsubproc_options.flags	8
size:ncreader_options	24
offset:ncreader_options.tchannels	0
width:ncreader_options.tchannels	8
offset:ncreader_options.tattrword	8
width:ncreader_options.tattrword	4
offset:ncreader_options.flags	16
width:ncreader_options.flags	8
const:NCALIGN_BOTTOM	3
const:NCALIGN_CENTER	2
const:NCALIGN_LEFT	1
const:NCALIGN_RIGHT	3
const:NCALIGN_TOP	1
const:NCALIGN_UNALIGNED	0
const:NCALPHA_BLEND	268435456
const:NCALPHA_HIGHCONTRAST	805306368
const:NCALPHA_OPAQUE	0
const:NCALPHA_TRANSPARENT	536870912
const:NCBLIT_1x1	1
const:NCBLIT_2x1	2
const:NCBLIT_2x2	3
const:NCBLIT_3x2	4
const:NCBLIT_4x1	8
const:NCBLIT_4x2	5
const:NCBLIT_8x1	9
const:NCBLIT_BRAILLE	6
const:NCBLIT_DEFAULT	0
const:NCBLIT_PIXEL	7
const:NCBOXCORNER_MASK	768
const:NCBOXCORNER_SHIFT	8
const:NCBOXGRAD_BOTTOM	64
const:NCBOXGRAD_LEFT	128
const:NCBOXGRAD_RIGHT	32
const:NCBOXGRAD_TOP	16
const:NCBOXMASK_BOTTOM	4
const:NCBOXMASK_LEFT	8
const:NCBOXMASK_RIGHT	2
const:NCBOXMASK_TOP	1
const:NCDIRECT_OPTION_DRAIN_INPUT	4
const:NCDIRECT_OPTION_INHIBIT_CBREAK	2
const:NCDIRECT_OPTION_INHIBIT_SETLOCALE	1
const:NCDIRECT_OPTION_NO_QUIT_SIGHANDLERS	8
const:NCDIRECT_OPTION_VERBOSE	16
const:NCDIRECT_OPTION_VERY_VERBOSE	32
const:NCINPUT_MAX_EFF_TEXT_CODEPOINTS	4
const:NCKEY_BACKSPACE	1115008
const:NCKEY_BEGIN	1115128
const:NCKEY_BUTTON1	1115201
const:NCKEY_BUTTON10	1115210
const:NCKEY_BUTTON11	1115211
const:NCKEY_BUTTON2	1115202
const:NCKEY_BUTTON3	1115203
const:NCKEY_BUTTON4	1115204
const:NCKEY_BUTTON5	1115205
const:NCKEY_BUTTON6	1115206
const:NCKEY_BUTTON7	1115207
const:NCKEY_BUTTON8	1115208
const:NCKEY_BUTTON9	1115209
const:NCKEY_CANCEL	1115129
const:NCKEY_CAPS_LOCK	1115150
const:NCKEY_CENTER	1115127
const:NCKEY_CLOSE	1115130
const:NCKEY_CLS	1115122
const:NCKEY_COMMAND	1115131
const:NCKEY_COPY	1115132
const:NCKEY_DEL	1115007
const:NCKEY_DLEFT	1115123
const:NCKEY_DOWN	1115004
const:NCKEY_DRIGHT	1115124
const:NCKEY_END	1115012
const:NCKEY_ENTER	1115121
const:NCKEY_EOF	1115500
const:NCKEY_ESC	27
const:NCKEY_EXIT	1115133
const:NCKEY_F00	1115020
const:NCKEY_F01	1115021
const:NCKEY_F02	1115022
const:NCKEY_F03	1115023
const:NCKEY_F04	1115024
const:NCKEY_F05	1115025
const:NCKEY_F06	1115026
const:NCKEY_F07	1115027
const:NCKEY_F08	1115028
const:NCKEY_F09	1115029
const:NCKEY_F10	1115030
const:NCKEY_F11	1115031
const:NCKEY_F12	1115032
const:NCKEY_F13	1115033
const:NCKEY_F14	1115034
const:NCKEY_F15	1115035
const:NCKEY_F16	1115036
const:NCKEY_F17	1115037
const:NCKEY_F18	1115038
const:NCKEY_F19	1115039
const:NCKEY_F20	1115040
const:NCKEY_F21	1115041
const:NCKEY_F22	1115042
const:NCKEY_F23	1115043
const:NCKEY_F24	1115044
const:NCKEY_F25	1115045
const:NCKEY_F26	1115046
const:NCKEY_F27	1115047
const:NCKEY_F28	1115048
const:NCKEY_F29	1115049
const:NCKEY_F30	1115050
const:NCKEY_F31	1115051
const:NCKEY_F32	1115052
const:NCKEY_F33	1115053
const:NCKEY_F34	1115054
const:NCKEY_F35	1115055
const:NCKEY_F36	1115056
const:NCKEY_F37	1115057
const:NCKEY_F38	1115058
const:NCKEY_F39	1115059
const:NCKEY_F40	1115060
const:NCKEY_F41	1115061
const:NCKEY_F42	1115062
const:NCKEY_F43	1115063
const:NCKEY_F44	1115064
const:NCKEY_F45	1115065
const:NCKEY_F46	1115066
const:NCKEY_F47	1115067
const:NCKEY_F48	1115068
const:NCKEY_F49	1115069
const:NCKEY_F50	1115070
const:NCKEY_F51	1115071
const:NCKEY_F52	1115072
const:NCKEY_F53	1115073
const:NCKEY_F54	1115074
const:NCKEY_F55	1115075
const:NCKEY_F56	1115076
const:NCKEY_F57	1115077
const:NCKEY_F58	1115078
const:NCKEY_F59	1115079
const:NCKEY_F60	1115080
const:NCKEY_HOME	1115011
const:NCKEY_INS	1115006
const:NCKEY_INVALID	1115000
const:NCKEY_L3SHIFT	1115183
const:NCKEY_L5SHIFT	1115184
const:NCKEY_LALT	1115173
const:NCKEY_LCTRL	1115172
const:NCKEY_LEFT	1115005
const:NCKEY_LHYPER	1115175
const:NCKEY_LMETA	1115176
const:NCKEY_LSHIFT	1115171
const:NCKEY_LSUPER	1115174
const:NCKEY_MEDIA_FF	1115163
const:NCKEY_MEDIA_LVOL	1115168
const:NCKEY_MEDIA_MUTE	1115170
const:NCKEY_MEDIA_NEXT	1115165
const:NCKEY_MEDIA_PAUSE	1115159
const:NCKEY_MEDIA_PLAY	1115158
const:NCKEY_MEDIA_PPAUSE	1115160
const:NCKEY_MEDIA_PREV	1115166
const:NCKEY_MEDIA_RECORD	1115167
const:NCKEY_MEDIA_REV	1115161
const:NCKEY_MEDIA_REWIND	1115164
const:NCKEY_MEDIA_RVOL	1115169
const:NCKEY_MEDIA_STOP	1115162
const:NCKEY_MENU	1115155
const:NCKEY_MOD_ALT	2
const:NCKEY_MOD_CAPSLOCK	64
const:NCKEY_MOD_CTRL	4
const:NCKEY_MOD_HYPER	16
const:NCKEY_MOD_META	32
const:NCKEY_MOD_NUMLOCK	128
const:NCKEY_MOD_SHIFT	1
const:NCKEY_MOD_SUPER	8
const:NCKEY_MOTION	1115200
const:NCKEY_NUM_LOCK	1115152
const:NCKEY_PAUSE	1115154
const:NCKEY_PGDOWN	1115009
const:NCKEY_PGUP	1115010
const:NCKEY_PRINT	1115134
const:NCKEY_PRINT_SCREEN	1115153
const:NCKEY_RALT	1115179
const:NCKEY_RCTRL	1115178
const:NCKEY_REFRESH	1115135
const:NCKEY_RESIZE	1115001
const:NCKEY_RETURN	1115121
const:NCKEY_RHYPER	1115181
const:NCKEY_RIGHT	1115003
const:NCKEY_RMETA	1115182
const:NCKEY_RSHIFT	1115177
const:NCKEY_RSUPER	1115180
const:NCKEY_SCROLL_DOWN	1115205
const:NCKEY_SCROLL_LOCK	1115151
const:NCKEY_SCROLL_UP	1115204
const:NCKEY_SEPARATOR	1115136
const:NCKEY_SIGNAL	1115400
const:NCKEY_SPACE	32
const:NCKEY_TAB	9
const:NCKEY_ULEFT	1115125
const:NCKEY_UP	1115002
const:NCKEY_URIGHT	1115126
const:NCLOGLEVEL_DEBUG	6
const:NCLOGLEVEL_ERROR	2
const:NCLOGLEVEL_FATAL	1
const:NCLOGLEVEL_INFO	4
const:NCLOGLEVEL_PANIC	0
const:NCLOGLEVEL_SILENT	-1
const:NCLOGLEVEL_TRACE	7
const:NCLOGLEVEL_VERBOSE	5
const:NCLOGLEVEL_WARNING	3
const:NCMENU_OPTION_BOTTOM	1
const:NCMENU_OPTION_HIDING	2
const:NCMICE_ALL_EVENTS	7
const:NCMICE_BUTTON_EVENT	2
const:NCMICE_DRAG_EVENT	4
const:NCMICE_MOVE_EVENT	1
const:NCMICE_NO_EVENTS	0
const:NCOPTION_CLI_MODE	594
const:NCOPTION_DRAIN_INPUT	256
const:NCOPTION_INHIBIT_SETLOCALE	1
const:NCOPTION_NO_ALTERNATE_SCREEN	64
const:NCOPTION_NO_CLEAR_BITMAPS	2
const:NCOPTION_NO_FONT_CHANGES	128
const:NCOPTION_NO_QUIT_SIGHANDLERS	8
const:NCOPTION_NO_WINCH_SIGHANDLER	4
const:NCOPTION_PRESERVE_CURSOR	16
const:NCOPTION_SCROLLING	512
const:NCOPTION_SUPPRESS_BANNERS	32
const:NCPALETTESIZE	256
const:NCPIXEL_ITERM2	3
const:NCPIXEL_KITTY_ANIMATED	5
const:NCPIXEL_KITTY_SELFREF	6
const:NCPIXEL_KITTY_STATIC	4
const:NCPIXEL_LINUXFB	2
const:NCPIXEL_NONE	0
const:NCPIXEL_SIXEL	1
const:NCPLANE_OPTION_AUTOGROW	16
const:NCPLANE_OPTION_FIXED	8
const:NCPLANE_OPTION_HORALIGNED	1
const:NCPLANE_OPTION_MARGINALIZED	4
const:NCPLANE_OPTION_VERALIGNED	2
const:NCPLANE_OPTION_VSCROLL	32
const:NCPLOT_OPTION_DETECTMAXONLY	16
const:NCPLOT_OPTION_EXPONENTIALD	2
const:NCPLOT_OPTION_LABELTICKSD	1
const:NCPLOT_OPTION_NODEGRADE	8
const:NCPLOT_OPTION_PRINTSAMPLE	32
const:NCPLOT_OPTION_VERTICALI	4
const:NCPROGBAR_OPTION_RETROGRADE	1
const:NCREADER_OPTION_CURSOR	8
const:NCREADER_OPTION_HORSCROLL	1
const:NCREADER_OPTION_NOCMDKEYS	4
const:NCREADER_OPTION_VERSCROLL	2
const:NCREEL_OPTION_CIRCULAR	2
const:NCREEL_OPTION_INFINITESCROLL	1
const:NCSCALE_NONE	0
const:NCSCALE_NONE_HIRES	3
const:NCSCALE_SCALE	1
const:NCSCALE_SCALE_HIRES	4
const:NCSCALE_STRETCH	2
const:NCSTYLE_BOLD	2
const:NCSTYLE_ITALIC	16
const:NCSTYLE_MASK	65535
const:NCSTYLE_NONE	0
const:NCSTYLE_STRUCK	1
const:NCSTYLE_UNDERCURL	4
const:NCSTYLE_UNDERLINE	8
const:NCTABBED_OPTION_BOTTOM	1
const:NCTYPE_PRESS	1
const:NCTYPE_RELEASE	3
const:NCTYPE_REPEAT	2
const:NCTYPE_UNKNOWN	0
const:NCVISUAL_OPTION_ADDALPHA	16
const:NCVISUAL_OPTION_BLEND	2
const:NCVISUAL_OPTION_CHILDPLANE	32
const:NCVISUAL_OPTION_HORALIGNED	4
const:NCVISUAL_OPTION_NODEGRADE	1
const:NCVISUAL_OPTION_NOINTERPOLATE	64
const:NCVISUAL_OPTION_VERALIGNED	8
const:NC_BGDEFAULT_MASK	1073741824
const:NC_BG_ALPHA_MASK	805306368
const:NC_BG_PALETTE	134217728
const:NC_BG_RGB_MASK	16777215
const:NC_NOBACKGROUND_MASK	-8718968878589280256
const:NOTCURSES-GET-ERROR	4294967295
const:NCKEY_PASTE_BEGIN	1115300
const:NCKEY_PASTE_END	1115301
